[{"pos_x": 74.93, "pos_y": -33.02, "rotation": 0.0, "side": "top", "designator": "B1", "mpn": null, "pack": "EuroMeasure", "value": "EuroBoard", "mount_type": "smt"}, {"pos_x": 145.288, "pos_y": -50.546, "rotation": 180.0, "side": "top", "designator": "J7", "mpn": null, "pack": "TestPoint_Pad_1.0x1.0mm", "value": "GND", "mount_type": null}, {"pos_x": 148.5, "pos_y": -55.372, "rotation": -45.0, "side": "top", "designator": "J5", "mpn": null, "pack": "TestPoint_Pad_1.0x1.0mm", "value": "RX", "mount_type": null}, {"pos_x": 127.0, "pos_y": -38.0, "rotation": 0.0, "side": "top", "designator": "J2", "mpn": null, "pack": "PinHeader_1x07_P2.54mm_Vertical", "value": "Conn_01x07_Male", "mount_type": "tht"}, {"pos_x": 143.256, "pos_y": -73.152, "rotation": 45.0, "side": "top", "designator": "D2", "mpn": null, "pack": "D_SOD-123", "value": "1n4148", "mount_type": "smt"}, {"pos_x": 143.256, "pos_y": -50.546, "rotation": 180.0, "side": "top", "designator": "J10", "mpn": null, "pack": "TestPoint_Pad_1.0x1.0mm", "value": "PD1", "mount_type": null}, {"pos_x": 144.256, "pos_y": -46.228, "rotation": 0.0, "side": "top", "designator": "R2", "mpn": null, "pack": "R_0805_2012Metric_Pad1.20x1.40mm_HandSolder", "value": "1k", "mount_type": "smt"}, {"pos_x": 151.4625, "pos_y": -46.73925, "rotation": 180.0, "side": "top", "designator": "C6", "mpn": null, "pack": "C_0805_2012Metric_Pad1.18x1.45mm_HandSolder", "value": "10u", "mount_type": "smt"}, {"pos_x": 138.684, "pos_y": -50.546, "rotation": 180.0, "side": "top", "designator": "J12", "mpn": null, "pack": "TestPoint_Pad_1.0x1.0mm", "value": "PD3", "mount_type": null}, {"pos_x": 163.0, "pos_y": -53.0, "rotation": 90.0, "side": "top", "designator": "C4", "mpn": null, "pack": "CP_Elec_6.3x7.7", "value": "220u", "mount_type": "smt"}, {"pos_x": 133.5, "pos_y": -63.766377, "rotation": -135.0, "side": "top", "designator": "C11", "mpn": null, "pack": "C_0805_2012Metric_Pad1.18x1.45mm_HandSolder", "value": "10u", "mount_type": "smt"}, {"pos_x": 151.47, "pos_y": -49.29325, "rotation": 180.0, "side": "top", "designator": "L1", "mpn": null, "pack": "L_0805_2012Metric_Pad1.15x1.40mm_HandSolder", "value": "L_Ferrite", "mount_type": "smt"}, {"pos_x": 139.446, "pos_y": -69.596, "rotation": 45.0, "side": "top", "designator": "R1", "mpn": null, "pack": "R_0805_2012Metric_Pad1.20x1.40mm_HandSolder", "value": "R", "mount_type": "smt"}, {"pos_x": 159.0, "pos_y": -38.1, "rotation": 180.0, "side": "top", "designator": "F1", "mpn": null, "pack": "Fuse_1210_3225Metric", "value": "Polyfuse", "mount_type": "smt"}, {"pos_x": 135.382, "pos_y": -65.532, "rotation": -135.0, "side": "top", "designator": "C1", "mpn": null, "pack": "C_0805_2012Metric_Pad1.18x1.45mm_HandSolder", "value": "C", "mount_type": "smt"}, {"pos_x": 155.448, "pos_y": -56.896, "rotation": 90.0, "side": "top", "designator": "SW2", "mpn": null, "pack": "SW_DIP_SPSTx04_Slide_Omron_A6H-4101_W6.15mm_P1.27mm", "value": "SW_DIP_x04", "mount_type": "smt"}, {"pos_x": 144.229, "pos_y": -61.097231, "rotation": 45.0, "side": "top", "designator": "U2", "mpn": null, "pack": "LQFP-48_7x7mm_P0.5mm", "value": "STM32G030CxT", "mount_type": "smt"}, {"pos_x": 140.97, "pos_y": -50.546, "rotation": 180.0, "side": "top", "designator": "J11", "mpn": null, "pack": "TestPoint_Pad_1.0x1.0mm", "value": "PD2", "mount_type": null}, {"pos_x": 127.0, "pos_y": -63.5, "rotation": 0.0, "side": "top", "designator": "J1", "mpn": null, "pack": "PinHeader_1x08_P2.54mm_Vertical", "value": "GPIO", "mount_type": "tht"}, {"pos_x": 162.0, "pos_y": -44.0, "rotation": 0.0, "side": "top", "designator": "C3", "mpn": null, "pack": "CP_Elec_6.3x7.7", "value": "220u", "mount_type": "smt"}, {"pos_x": 156.464, "pos_y": -70.104, "rotation": 180.0, "side": "top", "designator": "J3", "mpn": null, "pack": "PinHeader_1x03_P2.54mm_Vertical", "value": "I2C", "mount_type": "tht"}, {"pos_x": 142.5, "pos_y": -40.25, "rotation": 0.0, "side": "top", "designator": "SW1", "mpn": null, "pack": "SW_SPST_B3S-1000", "value": "RESET", "mount_type": "smt"}, {"pos_x": 78.0, "pos_y": -37.0, "rotation": 0.0, "side": "top", "designator": "REF**", "mpn": null, "pack": "ProtoArea", "value": "ProtoArea", "mount_type": "tht"}, {"pos_x": 136.577103, "pos_y": -72.464897, "rotation": -135.0, "side": "top", "designator": "C7", "mpn": null, "pack": "C_0805_2012Metric_Pad1.18x1.45mm_HandSolder", "value": "C", "mount_type": "smt"}, {"pos_x": 140.164478, "pos_y": -46.228, "rotation": 0.0, "side": "top", "designator": "D1", "mpn": null, "pack": "LED_0805_2012Metric_Pad1.15x1.40mm_HandSolder", "value": "LED", "mount_type": "smt"}, {"pos_x": 134.62, "pos_y": -38.1, "rotation": 0.0, "side": "top", "designator": "J4", "mpn": null, "pack": "PinHeader_1x05_P2.54mm_Vertical", "value": "Conn_01x05_Male", "mount_type": "tht"}, {"pos_x": 141.224, "pos_y": -71.374, "rotation": -135.0, "side": "top", "designator": "C2", "mpn": null, "pack": "C_0805_2012Metric_Pad1.18x1.45mm_HandSolder", "value": "100n", "mount_type": "smt"}, {"pos_x": 155.9345, "pos_y": -46.736, "rotation": 0.0, "side": "top", "designator": "C9", "mpn": null, "pack": "C_0805_2012Metric_Pad1.18x1.45mm_HandSolder", "value": "10u", "mount_type": "smt"}, {"pos_x": 152.7325, "pos_y": -40.64325, "rotation": 90.0, "side": "top", "designator": "U1", "mpn": null, "pack": "SOT-223-3_TabPin2", "value": "AMS1117-3.3", "mount_type": "smt"}, {"pos_x": 137.449355, "pos_y": -67.564, "rotation": 45.0, "side": "top", "designator": "Y1", "mpn": null, "pack": "Oscillator_SMD_Abracon_ASDMB-4Pin_2.5x2.0mm", "value": "NX2520 16MHz", "mount_type": "smt"}, {"pos_x": 150.0, "pos_y": -56.896, "rotation": -45.0, "side": "top", "designator": "J6", "mpn": null, "pack": "TestPoint_Pad_1.0x1.0mm", "value": "TX", "mount_type": null}, {"pos_x": 131.064, "pos_y": -40.64, "rotation": 180.0, "side": "bottom", "designator": "C13", "mpn": null, "pack": "C_0805_2012Metric_Pad1.18x1.45mm_HandSolder", "value": "10u", "mount_type": "smt"}, {"pos_x": 140.0, "pos_y": -62.9625, "rotation": -90.0, "side": "bottom", "designator": "C8", "mpn": null, "pack": "C_0805_2012Metric_Pad1.18x1.45mm_HandSolder", "value": "100n", "mount_type": "smt"}, {"pos_x": 131.064, "pos_y": -38.1, "rotation": 180.0, "side": "bottom", "designator": "C12", "mpn": null, "pack": "C_0805_2012Metric_Pad1.18x1.45mm_HandSolder", "value": "10u", "mount_type": "smt"}, {"pos_x": 131.064, "pos_y": -43.18, "rotation": 180.0, "side": "bottom", "designator": "C14", "mpn": null, "pack": "C_0805_2012Metric_Pad1.18x1.45mm_HandSolder", "value": "10u", "mount_type": "smt"}, {"pos_x": 131.064, "pos_y": -45.72, "rotation": 180.0, "side": "bottom", "designator": "C15", "mpn": null, "pack": "C_0805_2012Metric_Pad1.18x1.45mm_HandSolder", "value": "10u", "mount_type": "smt"}]